{
    "tabs": {
        "00": {
            "tab_id": "00",
            "cwd": "/workspace/html_template",
            "observer": {
                "block": "Terminal",
                "uuid": "5c87c4ed-af58-4f65-a150-0df482ff431d",
                "enable_llm_stream": false,
                "callback_url": ""
            },
            "shell_command": [
                "bash"
            ],
            "command_terminator": "\n"
        },
        "01": {
            "tab_id": "01",
            "cwd": "/workspace/html_template",
            "observer": {
                "block": "Terminal",
                "uuid": "376b9508-9b55-4a4c-a0ac-6f712c3cc2e5",
                "enable_llm_stream": false,
                "callback_url": ""
            },
            "shell_command": [
                "bash"
            ],
            "command_terminator": "\n"
        }
    },
    "current_tab_id": "01",
    "forbidden_commands": {
        "run preview": "Use Deployer.deploy_to_public instead.",
        "serve ": "Use Deployer.deploy_to_public instead.",
        "python -m http.server": "Use python -u -m http.server port_number instead."
    },
    "timeout": 300.0,
    "working_dir": "/workspace"
}